url,title,label
https://github.com,Code hosting for developers,productive
https://stackoverflow.com,Programming Q&A,productive
https://notion.so,Notes and docs app,productive
https://trello.com,Task management boards,productive
https://slack.com,Team communication,productive
https://zoom.us,Video meetings,productive
https://docs.google.com,Google Docs,productive
https://sheets.google.com,Google Sheets,productive
https://drive.google.com,Google Drive,productive
https://calendar.google.com,Google Calendar,productive
https://linkedin.com,Professional networking,productive
https://wikipedia.org,Online encyclopedia,productive
https://coursera.org,Online courses,productive
https://edx.org,Free learning platform,productive
https://khanacademy.org,Free education videos,productive
https://udemy.com,Learn skills online,productive
https://pluralsight.com,Tech learning platform,productive
https://replit.com,Online coding IDE,productive
https://colab.research.google.com,Jupyter notebooks,productive
https://arxiv.org,Research papers,productive
https://github.com,Code hosting for developers,productive
https://stackoverflow.com,Programming Q&A,productive
https://notion.so,Notes and docs app,productive
https://trello.com,Task management boards,productive
https://slack.com,Team communication,productive
https://zoom.us,Video meetings,productive
https://docs.google.com,Google Docs,productive
https://sheets.google.com,Google Sheets,productive
https://drive.google.com,Google Drive,productive
https://calendar.google.com,Google Calendar,productive
https://linkedin.com,Professional networking,productive
https://wikipedia.org,Online encyclopedia,productive
https://coursera.org,Online courses,productive
https://edx.org,Free learning platform,productive
https://khanacademy.org,Free education videos,productive
https://udemy.com,Learn skills online,productive
https://pluralsight.com,Tech learning platform,productive
https://replit.com,Online coding IDE,productive
https://colab.research.google.com,Jupyter notebooks,productive
https://arxiv.org,Research papers,productive
https://github.com,Code hosting for developers,productive
https://stackoverflow.com,Programming Q&A,productive
https://notion.so,Notes and docs app,productive
https://trello.com,Task management boards,productive
https://slack.com,Team communication,productive
https://zoom.us,Video meetings,productive
https://docs.google.com,Google Docs,productive
https://sheets.google.com,Google Sheets,productive
https://drive.google.com,Google Drive,productive
https://calendar.google.com,Google Calendar,productive
https://linkedin.com,Professional networking,productive
https://wikipedia.org,Online encyclopedia,productive
https://coursera.org,Online courses,productive
https://edx.org,Free learning platform,productive
https://khanacademy.org,Free education videos,productive
https://udemy.com,Learn skills online,productive
https://pluralsight.com,Tech learning platform,productive
https://replit.com,Online coding IDE,productive
https://colab.research.google.com,Jupyter notebooks,productive
https://arxiv.org,Research papers,productive
https://github.com,Code hosting for developers,productive
https://stackoverflow.com,Programming Q&A,productive
https://notion.so,Notes and docs app,productive
https://trello.com,Task management boards,productive
https://slack.com,Team communication,productive
https://zoom.us,Video meetings,productive
https://docs.google.com,Google Docs,productive
https://sheets.google.com,Google Sheets,productive
https://drive.google.com,Google Drive,productive
https://calendar.google.com,Google Calendar,productive
https://linkedin.com,Professional networking,productive
https://wikipedia.org,Online encyclopedia,productive
https://coursera.org,Online courses,productive
https://edx.org,Free learning platform,productive
https://khanacademy.org,Free education videos,productive
https://udemy.com,Learn skills online,productive
https://pluralsight.com,Tech learning platform,productive
https://replit.com,Online coding IDE,productive
https://colab.research.google.com,Jupyter notebooks,productive
https://arxiv.org,Research papers,productive
https://github.com,Code hosting for developers,productive
https://stackoverflow.com,Programming Q&A,productive
https://notion.so,Notes and docs app,productive
https://trello.com,Task management boards,productive
https://slack.com,Team communication,productive
https://zoom.us,Video meetings,productive
https://docs.google.com,Google Docs,productive
https://sheets.google.com,Google Sheets,productive
https://drive.google.com,Google Drive,productive
https://calendar.google.com,Google Calendar,productive
https://linkedin.com,Professional networking,productive
https://wikipedia.org,Online encyclopedia,productive
https://coursera.org,Online courses,productive
https://edx.org,Free learning platform,productive
https://khanacademy.org,Free education videos,productive
https://udemy.com,Learn skills online,productive
https://pluralsight.com,Tech learning platform,productive
https://replit.com,Online coding IDE,productive
https://colab.research.google.com,Jupyter notebooks,productive
https://arxiv.org,Research papers,productive
https://github.com,Code hosting for developers,productive
https://stackoverflow.com,Programming Q&A,productive
https://notion.so,Notes and docs app,productive
https://trello.com,Task management boards,productive
https://slack.com,Team communication,productive
https://zoom.us,Video meetings,productive
https://docs.google.com,Google Docs,productive
https://sheets.google.com,Google Sheets,productive
https://drive.google.com,Google Drive,productive
https://calendar.google.com,Google Calendar,productive
https://linkedin.com,Professional networking,productive
https://wikipedia.org,Online encyclopedia,productive
https://coursera.org,Online courses,productive
https://edx.org,Free learning platform,productive
https://khanacademy.org,Free education videos,productive
https://udemy.com,Learn skills online,productive
https://pluralsight.com,Tech learning platform,productive
https://replit.com,Online coding IDE,productive
https://colab.research.google.com,Jupyter notebooks,productive
https://arxiv.org,Research papers,productive
https://github.com,Code hosting for developers,productive
https://stackoverflow.com,Programming Q&A,productive
https://notion.so,Notes and docs app,productive
https://trello.com,Task management boards,productive
https://slack.com,Team communication,productive
https://zoom.us,Video meetings,productive
https://docs.google.com,Google Docs,productive
https://sheets.google.com,Google Sheets,productive
https://drive.google.com,Google Drive,productive
https://calendar.google.com,Google Calendar,productive
https://linkedin.com,Professional networking,productive
https://wikipedia.org,Online encyclopedia,productive
https://coursera.org,Online courses,productive
https://edx.org,Free learning platform,productive
https://khanacademy.org,Free education videos,productive
https://udemy.com,Learn skills online,productive
https://pluralsight.com,Tech learning platform,productive
https://replit.com,Online coding IDE,productive
https://colab.research.google.com,Jupyter notebooks,productive
https://arxiv.org,Research papers,productive
https://github.com,Code hosting for developers,productive
https://stackoverflow.com,Programming Q&A,productive
https://notion.so,Notes and docs app,productive
https://trello.com,Task management boards,productive
https://slack.com,Team communication,productive
https://zoom.us,Video meetings,productive
https://docs.google.com,Google Docs,productive
https://sheets.google.com,Google Sheets,productive
https://drive.google.com,Google Drive,productive
https://calendar.google.com,Google Calendar,productive
https://youtube.com,Funny cat videos,distracting
https://youtube.com,Relaxing music mix,distracting
https://facebook.com,Social media platform,distracting
https://instagram.com,Photo sharing app,distracting
https://tiktok.com,Short video platform,distracting
https://netflix.com,Watch movies online,distracting
https://www.netflix.com,Streaming movies and shows,distracting
https://www.netflix.com/tudum,Netflix entertainment news,distracting
https://www.netflix.com/tudum/top10,Netflix top 10 shows,distracting
https://www.netflix.com/browse,Netflix browse content,distracting
https://netflix.com/browse,Netflix streaming platform,distracting
https://twitch.tv,Live streaming games,distracting
https://spotify.com,Music streaming service,distracting
https://reddit.com/r/funny,Meme sharing,distracting
https://buzzfeed.com,Entertainment news,distracting
https://9gag.com,Memes and humor,distracting
https://roblox.com,Online gaming,distracting
https://epicgames.com,Game downloads,distracting
https://steampowered.com,PC gaming platform,distracting
https://pinterest.com,Image sharing,distracting
https://dailymotion.com,Online videos,distracting
https://imdb.com,Movie ratings,distracting
https://cricbuzz.com,Cricket updates,distracting
https://espncricinfo.com,Cricket live scores,distracting
https://hotstar.com,Streaming shows,distracting
https://youtube.com,Funny cat videos,distracting
https://youtube.com,Relaxing music mix,distracting
https://facebook.com,Social media platform,distracting
https://instagram.com,Photo sharing app,distracting
https://tiktok.com,Short video platform,distracting
https://netflix.com,Watch movies online,distracting
https://www.netflix.com,Streaming movies and shows,distracting
https://www.netflix.com/tudum,Netflix entertainment news,distracting
https://www.netflix.com/tudum/top10,Netflix top 10 shows,distracting
https://www.netflix.com/browse,Netflix browse content,distracting
https://netflix.com/browse,Netflix streaming platform,distracting
https://twitch.tv,Live streaming games,distracting
https://spotify.com,Music streaming service,distracting
https://reddit.com/r/funny,Meme sharing,distracting
https://buzzfeed.com,Entertainment news,distracting
https://9gag.com,Memes and humor,distracting
https://roblox.com,Online gaming,distracting
https://epicgames.com,Game downloads,distracting
https://steampowered.com,PC gaming platform,distracting
https://pinterest.com,Image sharing,distracting
https://dailymotion.com,Online videos,distracting
https://imdb.com,Movie ratings,distracting
https://cricbuzz.com,Cricket updates,distracting
https://espncricinfo.com,Cricket live scores,distracting
https://hotstar.com,Streaming shows,distracting
https://youtube.com,Funny cat videos,distracting
https://youtube.com,Relaxing music mix,distracting
https://facebook.com,Social media platform,distracting
https://instagram.com,Photo sharing app,distracting
https://tiktok.com,Short video platform,distracting
https://netflix.com,Watch movies online,distracting
https://www.netflix.com,Streaming movies and shows,distracting
https://www.netflix.com/tudum,Netflix entertainment news,distracting
https://www.netflix.com/tudum/top10,Netflix top 10 shows,distracting
https://www.netflix.com/browse,Netflix browse content,distracting
https://netflix.com/browse,Netflix streaming platform,distracting
https://twitch.tv,Live streaming games,distracting
https://spotify.com,Music streaming service,distracting
https://reddit.com/r/funny,Meme sharing,distracting
https://buzzfeed.com,Entertainment news,distracting
https://9gag.com,Memes and humor,distracting
https://roblox.com,Online gaming,distracting
https://epicgames.com,Game downloads,distracting
https://steampowered.com,PC gaming platform,distracting
https://pinterest.com,Image sharing,distracting
https://dailymotion.com,Online videos,distracting
https://imdb.com,Movie ratings,distracting
https://cricbuzz.com,Cricket updates,distracting
https://espncricinfo.com,Cricket live scores,distracting
https://hotstar.com,Streaming shows,distracting
https://youtube.com,Funny cat videos,distracting
https://youtube.com,Relaxing music mix,distracting
https://facebook.com,Social media platform,distracting
https://instagram.com,Photo sharing app,distracting
https://tiktok.com,Short video platform,distracting
https://netflix.com,Watch movies online,distracting
https://www.netflix.com,Streaming movies and shows,distracting
https://www.netflix.com/tudum,Netflix entertainment news,distracting
https://www.netflix.com/tudum/top10,Netflix top 10 shows,distracting
https://www.netflix.com/browse,Netflix browse content,distracting
https://netflix.com/browse,Netflix streaming platform,distracting
https://twitch.tv,Live streaming games,distracting
https://spotify.com,Music streaming service,distracting
https://reddit.com/r/funny,Meme sharing,distracting
https://buzzfeed.com,Entertainment news,distracting
https://9gag.com,Memes and humor,distracting
https://roblox.com,Online gaming,distracting
https://epicgames.com,Game downloads,distracting
https://steampowered.com,PC gaming platform,distracting
https://pinterest.com,Image sharing,distracting
https://dailymotion.com,Online videos,distracting
https://imdb.com,Movie ratings,distracting
https://cricbuzz.com,Cricket updates,distracting
https://espncricinfo.com,Cricket live scores,distracting
https://hotstar.com,Streaming shows,distracting
https://youtube.com,Funny cat videos,distracting
https://youtube.com,Relaxing music mix,distracting
https://facebook.com,Social media platform,distracting
https://instagram.com,Photo sharing app,distracting
https://tiktok.com,Short video platform,distracting
https://netflix.com,Watch movies online,distracting
https://www.netflix.com,Streaming movies and shows,distracting
https://www.netflix.com/tudum,Netflix entertainment news,distracting
https://www.netflix.com/tudum/top10,Netflix top 10 shows,distracting
https://www.netflix.com/browse,Netflix browse content,distracting
https://netflix.com/browse,Netflix streaming platform,distracting
https://twitch.tv,Live streaming games,distracting
https://spotify.com,Music streaming service,distracting
https://reddit.com/r/funny,Meme sharing,distracting
https://buzzfeed.com,Entertainment news,distracting
https://9gag.com,Memes and humor,distracting
https://roblox.com,Online gaming,distracting
https://epicgames.com,Game downloads,distracting
https://steampowered.com,PC gaming platform,distracting
https://pinterest.com,Image sharing,distracting
https://dailymotion.com,Online videos,distracting
https://imdb.com,Movie ratings,distracting
https://cricbuzz.com,Cricket updates,distracting
https://espncricinfo.com,Cricket live scores,distracting
https://hotstar.com,Streaming shows,distracting
https://youtube.com,Funny cat videos,distracting
https://youtube.com,Relaxing music mix,distracting
https://facebook.com,Social media platform,distracting
https://instagram.com,Photo sharing app,distracting
https://tiktok.com,Short video platform,distracting
https://netflix.com,Watch movies online,distracting
https://www.netflix.com,Streaming movies and shows,distracting
https://www.netflix.com/tudum,Netflix entertainment news,distracting
https://www.netflix.com/tudum/top10,Netflix top 10 shows,distracting
https://www.netflix.com/browse,Netflix browse content,distracting
https://netflix.com/browse,Netflix streaming platform,distracting
https://twitch.tv,Live streaming games,distracting
https://spotify.com,Music streaming service,distracting
https://reddit.com/r/funny,Meme sharing,distracting
https://buzzfeed.com,Entertainment news,distracting
https://9gag.com,Memes and humor,distracting
https://roblox.com,Online gaming,distracting
https://epicgames.com,Game downloads,distracting
https://steampowered.com,PC gaming platform,distracting
https://pinterest.com,Image sharing,distracting
https://dailymotion.com,Online videos,distracting
https://imdb.com,Movie ratings,distracting
https://cricbuzz.com,Cricket updates,distracting
https://espncricinfo.com,Cricket live scores,distracting
https://hotstar.com,Streaming shows,distracting
https://youtube.com,Funny cat videos,distracting
https://youtube.com,Relaxing music mix,distracting
https://facebook.com,Social media platform,distracting
https://instagram.com,Photo sharing app,distracting
https://tiktok.com,Short video platform,distracting
https://netflix.com,Watch movies online,distracting
https://www.netflix.com,Streaming movies and shows,distracting
https://www.netflix.com/tudum,Netflix entertainment news,distracting
https://www.netflix.com/tudum/top10,Netflix top 10 shows,distracting
https://www.netflix.com/browse,Netflix browse content,distracting
https://netflix.com/browse,Netflix streaming platform,distracting
https://twitch.tv,Live streaming games,distracting
https://spotify.com,Music streaming service,distracting
https://reddit.com/r/funny,Meme sharing,distracting
https://buzzfeed.com,Entertainment news,distracting
https://9gag.com,Memes and humor,distracting
https://roblox.com,Online gaming,distracting
https://epicgames.com,Game downloads,distracting
https://steampowered.com,PC gaming platform,distracting
https://pinterest.com,Image sharing,distracting
https://dailymotion.com,Online videos,distracting
https://imdb.com,Movie ratings,distracting
https://cricbuzz.com,Cricket updates,distracting
https://espncricinfo.com,Cricket live scores,distracting
https://hotstar.com,Streaming shows,distracting
https://youtube.com,Funny cat videos,distracting
https://youtube.com,Relaxing music mix,distracting
https://facebook.com,Social media platform,distracting
https://instagram.com,Photo sharing app,distracting
https://tiktok.com,Short video platform,distracting
https://netflix.com,Watch movies online,distracting
https://www.netflix.com,Streaming movies and shows,distracting
https://www.netflix.com/tudum,Netflix entertainment news,distracting
https://www.netflix.com/tudum/top10,Netflix top 10 shows,distracting
https://www.netflix.com/browse,Netflix browse content,distracting
https://netflix.com/browse,Netflix streaming platform,distracting
https://twitch.tv,Live streaming games,distracting
https://spotify.com,Music streaming service,distracting
https://reddit.com/r/funny,Meme sharing,distracting
https://buzzfeed.com,Entertainment news,distracting
